candidate_id,rank,score,reasoning
CAND_0071974,1,1.000000,"The senior AI engineer possesses 7.8 years of experience, with a strong background in machine learning and media industries, utilizing Weaviate and Pinecone as key tools. the candidate is expected to start on the 15th day of February next year."
CAND_0046525,2,0.948082,"The candidate is a seasoned Senior Machine Learning Engineer with 6.1 years of experience in complex AI systems development, leveraging LangChain and machine learning techniques to drive innovation. This exceptional individual will be onboarding after a period of approximately six months of full-time employment, eligible for immediate hiring upon satisfactory notice periods."
CAND_0011687,3,0.923988,"The Senior NLP Engineer possesses 7.8 years of experience in AI engineering, with expertise in TensorFlow and FAISS for large-scale embeddings, aligning well with the healthtech industrys focus on complex data analysis. Eligible for immediate hiring after a notice period of 15 days following receipt of this offer."
CAND_0005538,4,0.904998,"The Senior AI Engineer possesses a strong foundation in deep learning and experience with QLoRA, allowing for effective integration into complex software projects. the candidate demonstrates appropriate tenure within the candidates previous roles."
CAND_0018499,5,0.888712,"The Senior Machine Learning Engineer is a highly skilled and experienced candidate with 7.2 years of experience in deep learning, Weaviate, scikit-learn, and has shown appropriate tenure in the food delivery industry. Eligible for immediate hiring due to the candidates extensive notice period."
CAND_0006567,6,0.874181,The Senior AI Engineers extensive experience in machine learning and cloud infrastructure aligns well with the companys complex AI endeavors. Eligibility for immediate hiring is not currently possible due to insufficient notice period.
CAND_0005260,7,0.860910,"The candidate has 5.2 years of experience in Senior NLP Engineer roles, with a strong background in prompt engineering and deep learning using Python. the candidate has shown appropriate tenure and are expected to remain in the media industry for at least six months before taking up an immediate hire position."
CAND_0096104,8,0.848603,"The candidate, with 7.0 years of experience in AI/ML and strong skills in Data Science, demonstrates exceptional expertise in complex systems development. Due to the notice period of 30 days, the candidate is not eligible for immediate hire but can be considered after this time frame has passed."
CAND_0049978,9,0.837065,"The AI Engineer candidate has six and a half years of experience in Deep Learning, with strong proficiency in Weaviate and PyTorch. the candidate has shown consistent tenure in the field, making them an excellent fit for complex AI systems."
CAND_0033861,10,0.826161,"The Senior NLP Engineer, with 8.0 years of experience and expertise in AI/ML frameworks like TensorFlow, demonstrates exceptional proficiency in natural language processing using Weaviate as a key tool."
CAND_0055905,11,0.815790,"The candidate has 8.1 years of experience in machine learning engineering and a strong foundation with LangChain, Python, and Embeddings, suitable for the E-commerce industry role. This Senior Machine Learning Engineer position requires an immediate start from this eligible candidate within 30 days after receiving formal notice."
CAND_0046064,12,0.805876,"The Senior NLP Engineer is a highly skilled software professional with 8.9 years of experience, utilizing Python and advanced technologies like Pinecone for innovative Natural Language Processing applications. the candidate possesses expertise in Diffusion Models and have shown significant tenure in the candidates role."
CAND_0094759,13,0.796360,"The Lead AI Engineer is a highly capable and experienced professional with 8.6 years of experience, expertise in prompt engineering, scikit-learn, and NLP, and a strong foundation in the Internet industry. the candidate is currently not eligible for immediate start due to the candidates notice period of 30 days."
CAND_0005269,14,0.787195,The Senior Software Engineer (ML) has a strong technical foundation with 6.1 years of experience in AI/ML.
CAND_0091229,15,0.778341,"The candidate has 7 years of experience in software engineering, specializing in machine learning with skills such as FAISS and scikit-learn, particularly within the HealthTech AI industry. the candidate was last hired for approximately six months before a notice period of sixty days."
CAND_0043637,16,0.769769,"The candidate is a 5.5-year experienced Junior ML Engineer with expertise in PyTorch, Milvus, and MLflow Due to limited tenure, the candidate is not eligible for immediate start or an employment contract within 45 days of notice."
CAND_0066713,17,0.761450,"The candidate, an experienced Senior Software Engineer with 5.7 years of experience in machine learning and computer vision applications, possesses expertise in utilizing the LlamaIndex for natural language processing tasks, Python for data manipulation, and has a strong foundation in e-commerce industry best practices. the candidate is not eligible to start immediately due to insufficient notice period."
CAND_0098952,18,0.753361,"The AI Research Engineer is a highly capable candidate with 5.5 years of experience in the field, possessing expertise in airflow and QLoRA with proficiency in scikit-learn. the candidate has shown appropriate tenure within the fintech industry, but the candidates application will not be accepted immediately due to insufficient notice period."
CAND_0080315,19,0.745485,"The candidate has 4.1 years of experience in AI/ML, with a background in LangChain and Python programming skills, particularly in Prompt Engineering, although lacking senior-level experience."
CAND_0067866,20,0.737803,"The candidate has six years of experience in software engineering, with a strong foundation in machine learning and data processing. the candidate is highly capable and suitable for immediate hiring as the IT Services department seeks to fill this role immediately."
CAND_0004402,21,0.730300,"The AI Research Engineer candidate has 6 years of experience in the field, focusing on PyTorch and Computer Vision. With a strong track record, the candidate demonstrates the candidates proficiency in AI/ML areas but require notice for 60 days prior to start date."
CAND_0051003,22,0.722965,"The candidate has 4 years of experience in AI services and skills such as QLoRA and Embeddings, but lacks the required senior-level experience. Not eligible for immediate start due to a notice period of 60 days."
CAND_0070525,23,0.715785,"The Senior Software Engineer (ML) with 5.4 years of experience in AI/ML, leveraging Python for rapid prototyping and Computer Vision expertise, demonstrates a strong foundation in the field. This candidate has shown adequate tenure, meeting the required notice period before starting work immediately."
CAND_0014683,24,0.708751,"The candidate has 5.6 years of experience as a Senior Software Engineer, with expertise in Machine Learning (ML) and data analytics using QLoRA and FAISS. the candidate has demonstrated consistent tenure in the AI/ML industry."
CAND_0086022,25,0.701853,"The candidate has 5.3 years of experience in AI/ML, with a strong background in MLflow and Deep Learning, and proficiency in QLoRA. Notice Period: Eligible for immediate hiring."
CAND_0043860,26,0.695083,"The candidate has 6.1 years of experience in deep learning and AI/ML, with a strong focus on PyTorch and diffusion models. Due to the candidates not having started the notice period yet, the candidate is still eligible for immediate hiring consideration."
CAND_0048265,27,0.688435,"The AI Research Engineer has 4.3 years of experience in the health tech industry, focusing on computer vision and machine learning, with a strong background in research and development. Due to missing senior-level requirements, this candidate is not eligible for immediate hiring or employment start."
CAND_0065139,28,0.681900,"The AI Research Engineer has 5.2 years of experience in developing and applying advanced machine learning models, with a strong background in healthtech AI applications and proficiency in CNNs and QLoRA algorithms. Notice: Eligible for immediate hire after 60 days with full pay and benefits."
CAND_0043125,29,0.675473,"The candidate has 5.3 years of experience in software engineering, focusing on machine learning (ML) development and data science, with a demonstrated track record of delivering high-quality projects in the AI/ML industry. The Senior Software Engineer position is not immediately available due to a notice period of 90 days."
CAND_0004555,30,0.669149,"The Senior Software Engineer with 5 years of experience in machine learning holds expertise in TensorFlow and Docker, particularly in gaming settings. the candidate is eligible for immediate hiring after a notice period of 90 days due to the candidates demonstrated adequate tenure."
CAND_0014063,31,0.662922,"The candidate, an experienced AI Specialist with 5.4 years of experience in data science and NLP, possesses skills in diffusion models and has shown a good understanding of the industry through relevant projects. This individual is expected to start work on January 15th but will not be available for immediate hire due to notice period requirements."
CAND_0077498,32,0.656788,"The candidate has 5.4 years of experience in software engineering, with expertise in data science and AI-related technologies such as MLflow and embeddings. Due to the candidates adequate tenure and demonstrated skills, the candidate is eligible for a notice period of 60 days but will not be immediately hired."
CAND_0081852,33,0.650742,"The Senior Data Scientist candidate has 5.9 years of experience in AI and ML, with a strong foundation in Milvus and Weaviate for data analysis and visualization. the candidate has shown appropriate tenure in the candidates previous roles but will not be available immediately due to the notice period."
CAND_0010257,34,0.644781,"The candidate has 6.5 years of experience in data science with a strong background in machine learning and data visualization, particularly with Milvus and TensorFlow.                  the candidate has shown appropriate tenure as an Internet industry professional but are not eligible for immediate start due to the required notice period."
CAND_0029439,35,0.638900,"The AI Specialist candidate has 6.4 years of experience in AI and Machine Learning, holding key skills such as QLoRA and NLP, with a strong background in Industry: AI/ML. Due to the notice period of 60 days, the candidate is not eligible for immediate start."
CAND_0089947,36,0.633097,"The candidate has 5.4 years of experience and proficiency in CNN, Computer Vision, and Flask programming languages.                  the candidate has shown adequate industry knowledge as a Junior ML Engineer with tenure."
CAND_0067091,37,0.627368,"The candidate has a strong foundation in software engineering and machine learning, particularly with diffusion models, but lacks significant senior-level experience. the candidate is not eligible for immediate hiring due to the required 90-day notice period."
CAND_0073007,38,0.621710,"The candidate has 5.8 years of experience as an AI specialist, with a strong background in machine learning frameworks such as Milvus and PyTorch. Due to the candidates long tenure at the company, the candidate is not eligible for immediate hiring under this notice period."
CAND_0008202,39,0.616120,"The candidate has 5.7 years of experience in AI/ML, with a strong background in computer vision and FAISS. the candidate has demonstrated adequate skills but lack exceptional traits for immediate hiring eligibility due to the candidates notice period of 60 days."
CAND_0063097,40,0.610597,"The candidate has 6.5 years of experience in software engineering, primarily focusing on machine learning and natural language processing. Due to insufficient tenure, the candidate is not eligible for immediate hiring or start work within the next 120 days."
CAND_0076412,41,0.605136,"The candidate, with 5.8 years of experience in AI research and a strong background in deep learning, computer vision, and diffusion models, is available for immediate consideration. Notice period: 120 days."
CAND_0091348,42,0.599737,"The Senior Software Engineer (ML) with 3.7 years of experience lacks senior-level requirements, indicating a gap in the candidates technical expertise. Notice Period: 60 days; Immediate Hiring Eligibility not available."
CAND_0028908,43,0.594397,"The candidate has 3.1 years of experience in AI/ML, with a focus on machine learning engineering using Flask and diffusion models. Due to the lack of senior-level experience, this position is not immediately hireable but may be considered for future roles within six months."
CAND_0080766,44,0.589114,"The candidate has 8.8 years of experience in machine learning engineering, with a strong background in MLflow and computer vision, and expertise in deep learning technologies. Eligible for immediate hiring due to the candidates recent tenure and suitable skills set."
CAND_0060072,45,0.583885,"The candidate is a seasoned Staff Machine Learning Engineer with 5.7 years of experience and proficiency in deep learning, PyTorch, and Milvus. Due to the notice period, the candidate is not eligible for immediate start."
CAND_0007631,46,0.578710,"The AI Specialist candidate has 5.2 years of experience in voice AI, with skills including diffusion models and computer vision, as well as proficiency in Milvus. This individual is not eligible for immediate hire due to the notice period of 45 days."
CAND_0097896,47,0.573587,"The candidate has 4.8 years of experience in AI research, primarily working with Milvus and scikit-learn, within the EdTech industry. Due to a lack of senior-level experience, the candidate is not eligible for immediate hiring without additional training or relevant roles."
CAND_0046313,48,0.568513,"The candidate has 5.8 years of experience and proficiency in CNN, LangChain, Django with an industry background in e-commerce, all The Senior Software Engineer (ML) position is not immediately available due to a notice period of 60 days; however, the candidate is eligible for consideration upon the closing date."
CAND_0022274,49,0.563488,"The candidate has 4.5 years of experience as an AI Research Engineer, focusing on Prompt Engineering and Airflow in the AI/ML industry. Due to a lack of senior-level experience, this individual is not eligible for immediate hire or start within 30 days."
CAND_0061257,50,0.558509,"The candidate has 8.0 years of experience in machine learning and Python, with a relevant background in the internet industry.                  the candidate is not immediately eligible for immediate start due to insufficient notice period."
CAND_0064331,51,0.553576,"The candidate lacks the required senior-level experience in a high-tech industry, but has four years of relevant software engineering experience with skills in machine learning and deep learning. Due to insufficient senior-level expertise, the candidate is not eligible for immediate hire."
CAND_0074325,52,0.548687,"The candidate lacks senior-level experience in conversational AI, but demonstrated NLP and Milvus skills during the candidates 3.9-year tenure as an AI Research Engineer; however, the required notice period of 45 days applies to this role immediately."
CAND_0040946,53,0.543841,"The AI Research Engineer has 6.0 years of experience in developing and deploying fast-paced artificial intelligence projects, focusing on deep learning techniques using Diffusion Models. Due to gaps in scale and alignment with industry needs, this candidate is not eligible for immediate hire but can be considered after the 45-day notice period."
CAND_0019880,54,0.539037,"The candidate is an AI Specialist with 5.7 years of experience, possessing expertise in embeddings, QLoRA and NLP, and a strong industry background within AI/ML.                  the candidate has shown suitable tenure to date, but are not yet eligible for immediate start due to the notice period."
CAND_0087744,55,0.534274,"The candidate lacks senior-level experience in HealthTech AI, but demonstrates proficiency with ML frameworks such as LangChain and Pinecone. the candidate is not eligible for immediate start due to the required notice period of 30 days."
CAND_0005649,56,0.529550,"The Senior Data Scientist candidate has 7.4 years of experience in AI/ML, with a strong background in prompt engineering and deep learning using TensorFlow. Due to insufficient tenure, this role cannot be filled immediately; notice period: 90 days prior start date or upon approval from management."
CAND_0029367,57,0.524865,"The candidate has 5.7 years of experience as a Senior Data Scientist in the AI/ML industry, with expertise in MLflow and TensorFlow, and proficiency in QLoRA. Notice: This individual will be notified after 90 days of the candidates employment start date."
CAND_0049540,58,0.520217,"The candidate is a 6.8-year experienced ML Engineer with expertise in TensorFlow, Data Science, and MLflow, but lacks alignment with the Voice AI industrys trajectory. Notice Period: Expected to start immediately; not eligible for immediate hire due to insufficient notice period."
CAND_0066309,59,0.515605,"The Senior Software Engineer (Machine Learning) has 5.3 years of experience, key skills including diffusion models and RAG, with a focus on health tech applications in the industry. Due to insufficient tenure, the candidate is not eligible for immediate start."
CAND_0062247,60,0.511030,"The candidate has 7.3 years of experience as an AI Engineer, with skills in Pinecone and RAG, and a background in Internet technology. Due to limited tenure, the candidate is not eligible for immediate start within the companys current structure."
CAND_0010541,61,0.506489,"The candidate is a 6.2-year experienced AI Research Engineer in HealthTech, with expertise in Pinecone and Weaviate tools, particularly skilled in computer vision areas. Due to lack of sufficient tenure experience, this individual is not eligible for immediate hire without meeting the required notice period."
CAND_0025046,62,0.501982,"The candidate has a strong background in AI services, particularly with RAG and Embeddings tools. However, the candidates experience is not aligned with the companys current needs due to industry mismatch.                  the candidate is eligible for immediate start after 90 days of employment."
CAND_0088602,63,0.497508,"The candidate lacks senior-level experience in HealthTech AI, with a focus on tooling and specific skills. the candidate does not meet the required tenure for immediate hiring eligibility."
CAND_0026942,64,0.493066,"The candidate is a 6-year experienced Junior ML Engineer in conversational AI, skilled with LangChain and CNN algorithms. However, the candidate lacks sufficient tenure to be considered for immediate hiring due to the notice period of 30 days."
CAND_0042441,65,0.488656,"The candidate lacks senior-level experience in the e-commerce industry, which is a significant gap given the candidates AI Research Engineer role. the candidate is not eligible for immediate hiring and would require at least 6-9 months of tenure to meet required qualifications."
CAND_0051004,66,0.484277,"The candidate lacks the required senior-level experience in a fintech company, focusing on machine learning and model development. the candidate is eligible to be immediately hired for 15 days notice period."
CAND_0022852,67,0.479928,"The candidate, with 5.4 years of experience in AI Research Engineering and a background in TensorFlow, Pinecone, and Python, has shown appropriate tenure in the food delivery industry. Due to the candidates relatively short tenure, the candidate is not eligible for immediate start or hiring under this notice period."
CAND_0007008,68,0.475609,"The candidate lacks required senior-level experience in AI Services, particularly with ML development. This makes them a less ideal fit for this role due to the candidates limited background."
CAND_0067041,69,0.471319,"The candidate has 6.9 years of experience in voice AI and a strong background in data analysis, particularly with Milvus, LangChain, and Docker tools. Due to the candidates lengthy tenure, the candidate is not eligible for immediate hiring or start date."
CAND_0072032,70,0.467057,"The candidate lacks experience in SaaS environments, and the candidates tooling focus is not aligned with the organizations requirements. This makes them a poor fit for this role immediately."
CAND_0061175,71,0.462822,"The candidate has 6.7 years of experience in AI research and a strong background in Python, Milvus, and LlamaIndex. Due to concerns over the candidates tenure as an AI Research Engineer, the candidate is not eligible for immediate start and will be onboarding within the next 120 days."
CAND_0099806,72,0.458615,"The candidate has a limited experience in AI/ML, but possesses skills that align with the role. the candidate lacks senior-level experience and are not eligible for immediate hiring due to insufficient qualifications."
CAND_0072195,73,0.454435,"The candidate lacks senior-level AI/ML experience, which may be a concern for the organizations technical requirements. Notice period: 120 days, not eligible to start immediately."
CAND_0028422,74,0.450280,"The candidate lacks relevant experience in AI/ML, particularly in deep learning and MLflow, which is a significant mismatch with the organizations current role. the candidate also appear to be unfamiliar with the industry norms surrounding this technology."
CAND_0095884,75,0.446151,"The candidate lacks senior-level experience in AI/ML, with limited technical background in ML frameworks and tools. the candidate is not eligible for immediate start due to insufficient experience requirements."
CAND_0040820,76,0.442047,"The candidates 5.5-year tenure and ML expertise are notable, but the candidates technology stack incompatibility with the organizations company may pose a significant challenge to integration. Due to the notice period of 90 days, the candidate will not be eligible for immediate start or hiring at this time."
CAND_0002793,77,0.437967,"The candidate has 5.5 years of experience as an AI Specialist, with a strong background in diffusion models and MLflow, but lacks relevant industry experience for e-commerce roles.                  the candidate is not eligible for immediate start due to the notice period."
CAND_0043676,78,0.433912,"The candidate lacks significant experience in AI/ML, particularly with QLoRA and scikit-learn. the candidate has shown some proficiency but not substantial tenure. Senior Software Engineer (AI/ML) - 6 years of experience; eligible for immediate hire."
CAND_0008218,79,0.429880,"The candidate has 7 years of experience in AI/ML and relevant technical skills, including TensorFlow and SQL. However, the candidate does not have immediate hiring eligibility due to a notice period of 45 days."
CAND_0068012,80,0.425872,"The candidate lacks relevant tech stack experience, revealing a significant gap in the candidates background and skills. the candidates tenure shows promise but is insufficient to secure immediate employment."
CAND_0079688,81,0.421886,"The candidate lacks senior-level experience in AI/ML, which makes them unsuitable for the Senior Software Engineer (ML) role. Due to insufficient years of experience, the candidate is not eligible for immediate hire."
CAND_0030348,82,0.417923,"The candidate lacks the required senior-level experience for this position, as evidenced by the candidates 4.5-year tenure in EdTech Due to insufficient senior-level experience, the candidate is not eligible for immediate start or hiring within the next 45 days."
CAND_0074648,83,0.413981,"The candidate lacks the required senior-level experience in AI research, which makes this role an unlikely fit. the candidate is not eligible for immediate start due to insufficient experience requirements."
CAND_0033842,84,0.410061,"The candidate lacks experience in leading large-scale ML projects and does not have a strong track record of delivering complex software engineering tasks, indicating significant flaws that would hinder the candidates ability to excel as an AI/ML engineer."
CAND_0078810,85,0.406163,"The candidate has 6.9 years of experience in software engineering, particularly with diffusion models and language models, but shows appropriate tenure as a Senior Software Engineer at this gaming company.                  the candidate is not eligible for immediate start due to the required notice period of 120 days."
CAND_0076995,86,0.402285,"The candidate lacks senior-level experience in Conversational AI and has a relatively short tenure as an AI Research Engineer. the candidate is not eligible for immediate start, with an 90-day notice period following the candidates separation from the company."
CAND_0080189,87,0.398427,"The candidate lacks the required senior-level experience for this role, but his skills in TensorFlow and Deep Learning are notable. The candidate is not eligible to start immediately due to lack of senior-level credentials."
CAND_0098846,88,0.394590,"The candidates experience and skills align with the AI engineer role, but the candidates 7.6-year tenure may be a mismatch for this fast-paced startup. The AI Engineer position requires immediate hiring eligibility due to the notice period of 45 days."
CAND_0092568,89,0.390773,"The candidate lacks relevant experience, particularly in a fast-paced IT Services role; his skills are mostly limited to AI and ML. The candidate is expected to start 60 days after the notice period."
CAND_0088526,90,0.386975,"The candidate lacks the required senior-level experience in voice AI, a mismatch for this fast-paced role. the candidates skills are suitable but insufficient to assume immediate responsibility."
CAND_0023541,91,0.383196,"The candidate has 5 years of experience in AI/ML with a strong background in Computer Vision and Data Science, but lacks significant tenure. the candidate shows potential, but the candidates notice period is too short for immediate hiring eligibility."
CAND_0088878,92,0.379436,"The candidate lacks senior-level experience but has 4.4 years of software engineering experience, with skills in embeddings and TensorFlow, within the Fintech industry.                  the candidate is not eligible for immediate start due to a notice period of 120 days following this posting."
CAND_0024620,93,0.375694,"The candidate has a 5.9-year tenure in the health-tech industry, proficiency in AI and machine learning technologies, particularly Diffusion Models and React frameworks, but lacks experience directly related to the candidates proposed role as an AI Engineer.                  the candidate does not currently meet the requirements for immediate hire due to insufficient work experience in this field."
CAND_0051692,94,0.371971,"The candidate lacks senior-level experience in EdTech and has a non-ML background, making them unsuitable for the role. the candidate is not eligible to start immediately due to insufficient qualifications."
CAND_0070653,95,0.368266,"The candidate lacks relevant gaming industry experience, and the candidates skills are not specifically tailored for the position. the candidate does not have sufficient tenure to be considered immediately eligible for hire."
CAND_0019845,96,0.364578,"The candidate, lacking senior-level experience in a field unrelated to AI (food delivery), has skills relevant but not sufficient for the position. With 3 years of experience and specific tools like Pinecone and Kubernetes, he is still suitable as an intern or entry-level specialist."
CAND_0014715,97,0.360908,"The candidate lacks the required senior-level experience in voice AI, which raises concerns about the candidates ability to effectively lead and contribute."
CAND_0030827,98,0.357255,"The candidate lacks relevant experience in the field, with a non-significant tenure of 5.4 years and a lackluster background showing no clear engineering or technical skills. Due to the candidates limited experience, the candidate is not eligible for immediate start or notice period."
CAND_0095528,99,0.353619,"The candidate, with 5.3 years of experience in the media industry and skills such as PyTorch, CNN, Python, is a strong fit for senior data scientist roles due to the candidates demonstrated expertise. Due to a notice period of 45 days, the candidate will not be immediately hired into this position."
CAND_0056584,100,0.350000,"The AI specialist candidate lacks senior-level experience, which raises concerns about the candidates capabilities. Due to the 90-day notice period, the candidate is not immediately eligible for immediate employment."
